Timestamp,Device Name,Address,Distance (m),Confidence Level
1/18/2026 15:40:05.788,Nordic CS Reflector A,E2:13:07:97:B1:7E,10.28,2
1/18/2026 15:40:05.997,Nordic CS Reflector A,E2:13:07:97:B1:7E,10.02,2
1/18/2026 15:40:11.145,Nordic CS Reflector A,E2:13:07:97:B1:7E,10.02,2
1/18/2026 15:40:11.146,Nordic CS Reflector A,E2:13:07:97:B1:7E,10.02,2
1/18/2026 15:40:16.273,Nordic CS Reflector A,E2:13:07:97:B1:7E,10.28,2
1/18/2026 15:40:16.274,Nordic CS Reflector A,E2:13:07:97:B1:7E,10.28,2
1/18/2026 15:40:21.397,Nordic CS Reflector A,E2:13:07:97:B1:7E,10.5,2
1/18/2026 15:40:26.588,Nordic CS Reflector A,E2:13:07:97:B1:7E,10.28,2
1/18/2026 15:40:26.589,Nordic CS Reflector A,E2:13:07:97:B1:7E,10.28,2
1/18/2026 15:40:31.761,Nordic CS Reflector A,E2:13:07:97:B1:7E,9.99,2
1/18/2026 15:40:36.843,Nordic CS Reflector A,E2:13:07:97:B1:7E,9.99,2
1/18/2026 15:40:42.056,Nordic CS Reflector A,E2:13:07:97:B1:7E,9.99,2
1/18/2026 15:40:47.154,Nordic CS Reflector A,E2:13:07:97:B1:7E,10.06,0
1/18/2026 15:40:47.155,Nordic CS Reflector A,E2:13:07:97:B1:7E,10.06,0
1/18/2026 15:40:52.438,Nordic CS Reflector A,E2:13:07:97:B1:7E,10.02,0
1/18/2026 15:40:52.439,Nordic CS Reflector A,E2:13:07:97:B1:7E,10.02,0
1/18/2026 15:40:57.486,Nordic CS Reflector A,E2:13:07:97:B1:7E,10.02,2
1/18/2026 15:41:02.590,Nordic CS Reflector A,E2:13:07:97:B1:7E,9.91,2
1/18/2026 15:41:02.591,Nordic CS Reflector A,E2:13:07:97:B1:7E,9.91,2
1/18/2026 15:41:07.728,Nordic CS Reflector A,E2:13:07:97:B1:7E,9.8,2
1/18/2026 15:41:12.847,Nordic CS Reflector A,E2:13:07:97:B1:7E,9.88,0
1/18/2026 15:41:18.007,Nordic CS Reflector A,E2:13:07:97:B1:7E,9.8,2
1/18/2026 15:41:23.120,Nordic CS Reflector A,E2:13:07:97:B1:7E,9.84,2
1/18/2026 15:41:23.121,Nordic CS Reflector A,E2:13:07:97:B1:7E,9.84,2
1/18/2026 15:41:28.250,Nordic CS Reflector A,E2:13:07:97:B1:7E,9.84,2
1/18/2026 15:41:28.251,Nordic CS Reflector A,E2:13:07:97:B1:7E,9.84,2
1/18/2026 15:41:33.369,Nordic CS Reflector A,E2:13:07:97:B1:7E,9.84,2
1/18/2026 15:41:38.528,Nordic CS Reflector A,E2:13:07:97:B1:7E,9.84,2
1/18/2026 15:41:43.620,Nordic CS Reflector A,E2:13:07:97:B1:7E,9.84,2
1/18/2026 15:41:43.621,Nordic CS Reflector A,E2:13:07:97:B1:7E,9.84,2
1/18/2026 15:41:48.781,Nordic CS Reflector A,E2:13:07:97:B1:7E,9.91,2
1/18/2026 15:41:48.782,Nordic CS Reflector A,E2:13:07:97:B1:7E,9.91,2
1/18/2026 15:41:54.029,Nordic CS Reflector A,E2:13:07:97:B1:7E,9.84,0
1/18/2026 15:41:54.030,Nordic CS Reflector A,E2:13:07:97:B1:7E,9.84,0
1/18/2026 15:41:59.037,Nordic CS Reflector A,E2:13:07:97:B1:7E,9.95,2
1/18/2026 15:42:04.238,Nordic CS Reflector A,E2:13:07:97:B1:7E,10.83,2
1/18/2026 15:42:04.239,Nordic CS Reflector A,E2:13:07:97:B1:7E,10.83,2
1/18/2026 15:42:09.386,Nordic CS Reflector A,E2:13:07:97:B1:7E,10.83,2
1/18/2026 15:42:09.387,Nordic CS Reflector A,E2:13:07:97:B1:7E,10.83,2
1/18/2026 15:42:14.486,Nordic CS Reflector A,E2:13:07:97:B1:7E,10.75,2
1/18/2026 15:42:14.487,Nordic CS Reflector A,E2:13:07:97:B1:7E,10.75,2
1/18/2026 15:42:19.723,Nordic CS Reflector A,E2:13:07:97:B1:7E,10.06,0
1/18/2026 15:42:24.785,Nordic CS Reflector A,E2:13:07:97:B1:7E,10.06,2
1/18/2026 15:42:24.786,Nordic CS Reflector A,E2:13:07:97:B1:7E,10.06,2
1/18/2026 15:42:29.879,Nordic CS Reflector A,E2:13:07:97:B1:7E,9.91,2
1/18/2026 15:42:29.880,Nordic CS Reflector A,E2:13:07:97:B1:7E,9.91,2
1/18/2026 15:42:35.050,Nordic CS Reflector A,E2:13:07:97:B1:7E,9.91,2
1/18/2026 15:42:40.142,Nordic CS Reflector A,E2:13:07:97:B1:7E,9.95,2
1/18/2026 15:42:45.233,Nordic CS Reflector A,E2:13:07:97:B1:7E,9.95,2
1/18/2026 15:42:50.411,Nordic CS Reflector A,E2:13:07:97:B1:7E,9.99,0
1/18/2026 15:42:50.412,Nordic CS Reflector A,E2:13:07:97:B1:7E,9.99,0
1/18/2026 15:42:55.524,Nordic CS Reflector A,E2:13:07:97:B1:7E,9.95,2
1/18/2026 15:43:00.754,Nordic CS Reflector A,E2:13:07:97:B1:7E,9.95,2
1/18/2026 15:43:05.817,Nordic CS Reflector A,E2:13:07:97:B1:7E,9.84,2
1/18/2026 15:43:10.980,Nordic CS Reflector A,E2:13:07:97:B1:7E,9.84,2
1/18/2026 15:43:16.199,Nordic CS Reflector A,E2:13:07:97:B1:7E,9.8,2
1/18/2026 15:43:21.371,Nordic CS Reflector A,E2:13:07:97:B1:7E,9.8,2
1/18/2026 15:43:26.341,Nordic CS Reflector A,E2:13:07:97:B1:7E,9.8,2
1/18/2026 15:43:26.342,Nordic CS Reflector A,E2:13:07:97:B1:7E,9.8,2
1/18/2026 15:43:36.667,Nordic CS Reflector A,E2:13:07:97:B1:7E,9.91,2
1/18/2026 15:43:36.668,Nordic CS Reflector A,E2:13:07:97:B1:7E,9.91,2
1/18/2026 15:43:41.856,Nordic CS Reflector A,E2:13:07:97:B1:7E,9.8,2
1/18/2026 15:43:46.863,Nordic CS Reflector A,E2:13:07:97:B1:7E,9.88,2
1/18/2026 15:43:46.864,Nordic CS Reflector A,E2:13:07:97:B1:7E,9.88,2
1/18/2026 15:43:52.059,Nordic CS Reflector A,E2:13:07:97:B1:7E,9.88,2
1/18/2026 15:43:57.153,Nordic CS Reflector A,E2:13:07:97:B1:7E,9.88,0
1/18/2026 15:44:02.283,Nordic CS Reflector A,E2:13:07:97:B1:7E,9.77,2
1/18/2026 15:44:07.451,Nordic CS Reflector A,E2:13:07:97:B1:7E,9.69,0
1/18/2026 15:44:12.551,Nordic CS Reflector A,E2:13:07:97:B1:7E,9.69,2
1/18/2026 15:44:17.678,Nordic CS Reflector A,E2:13:07:97:B1:7E,9.66,2
1/18/2026 15:44:22.801,Nordic CS Reflector A,E2:13:07:97:B1:7E,9.66,2
1/18/2026 15:44:22.802,Nordic CS Reflector A,E2:13:07:97:B1:7E,9.66,2
1/18/2026 15:44:27.939,Nordic CS Reflector A,E2:13:07:97:B1:7E,9.66,0
1/18/2026 15:44:33.057,Nordic CS Reflector A,E2:13:07:97:B1:7E,9.77,2
1/18/2026 15:44:33.058,Nordic CS Reflector A,E2:13:07:97:B1:7E,9.77,2
1/18/2026 15:44:38.176,Nordic CS Reflector A,E2:13:07:97:B1:7E,9.77,2
1/18/2026 15:44:38.177,Nordic CS Reflector A,E2:13:07:97:B1:7E,9.77,2
1/18/2026 15:44:43.326,Nordic CS Reflector A,E2:13:07:97:B1:7E,9.77,2
1/18/2026 15:44:43.327,Nordic CS Reflector A,E2:13:07:97:B1:7E,9.77,2
1/18/2026 15:44:48.426,Nordic CS Reflector A,E2:13:07:97:B1:7E,9.77,2
1/18/2026 15:44:53.552,Nordic CS Reflector A,E2:13:07:97:B1:7E,9.91,2
1/18/2026 15:44:58.680,Nordic CS Reflector A,E2:13:07:97:B1:7E,9.77,2
1/18/2026 15:45:03.812,Nordic CS Reflector A,E2:13:07:97:B1:7E,9.69,2
1/18/2026 15:45:08.972,Nordic CS Reflector A,E2:13:07:97:B1:7E,9.69,2
1/18/2026 15:45:08.973,Nordic CS Reflector A,E2:13:07:97:B1:7E,9.69,2
1/18/2026 15:45:14.133,Nordic CS Reflector A,E2:13:07:97:B1:7E,9.73,0
1/18/2026 15:45:14.134,Nordic CS Reflector A,E2:13:07:97:B1:7E,9.73,0
1/18/2026 15:45:19.225,Nordic CS Reflector A,E2:13:07:97:B1:7E,9.73,2
1/18/2026 15:45:19.226,Nordic CS Reflector A,E2:13:07:97:B1:7E,9.73,2
1/18/2026 15:45:24.515,Nordic CS Reflector A,E2:13:07:97:B1:7E,9.66,2
1/18/2026 15:45:24.516,Nordic CS Reflector A,E2:13:07:97:B1:7E,9.66,2
1/18/2026 15:45:34.704,Nordic CS Reflector A,E2:13:07:97:B1:7E,9.66,2
1/18/2026 15:45:34.710,Nordic CS Reflector A,E2:13:07:97:B1:7E,9.66,2
1/18/2026 15:45:39.790,Nordic CS Reflector A,E2:13:07:97:B1:7E,9.77,2
1/18/2026 15:45:39.791,Nordic CS Reflector A,E2:13:07:97:B1:7E,9.77,2
1/18/2026 15:45:44.977,Nordic CS Reflector A,E2:13:07:97:B1:7E,9.77,2
1/18/2026 15:45:44.978,Nordic CS Reflector A,E2:13:07:97:B1:7E,9.77,2
1/18/2026 15:45:50.128,Nordic CS Reflector A,E2:13:07:97:B1:7E,9.73,2
1/18/2026 15:45:55.239,Nordic CS Reflector A,E2:13:07:97:B1:7E,9.69,0
1/18/2026 15:46:00.395,Nordic CS Reflector A,E2:13:07:97:B1:7E,9.73,2
1/18/2026 15:46:05.623,Nordic CS Reflector A,E2:13:07:97:B1:7E,9.69,2
1/18/2026 15:46:10.596,Nordic CS Reflector A,E2:13:07:97:B1:7E,9.84,2
1/18/2026 15:46:10.597,Nordic CS Reflector A,E2:13:07:97:B1:7E,9.84,2
1/18/2026 15:46:15.727,Nordic CS Reflector A,E2:13:07:97:B1:7E,9.69,2
1/18/2026 15:46:20.854,Nordic CS Reflector A,E2:13:07:97:B1:7E,9.69,2
1/18/2026 15:46:20.855,Nordic CS Reflector A,E2:13:07:97:B1:7E,9.69,2
1/18/2026 15:46:25.985,Nordic CS Reflector A,E2:13:07:97:B1:7E,9.66,2
1/18/2026 15:46:31.104,Nordic CS Reflector A,E2:13:07:97:B1:7E,9.62,2
1/18/2026 15:46:36.332,Nordic CS Reflector A,E2:13:07:97:B1:7E,9.62,2
1/18/2026 15:46:41.378,Nordic CS Reflector A,E2:13:07:97:B1:7E,9.73,2
1/18/2026 15:46:41.379,Nordic CS Reflector A,E2:13:07:97:B1:7E,9.73,2
1/18/2026 15:46:46.503,Nordic CS Reflector A,E2:13:07:97:B1:7E,9.73,2
1/18/2026 15:46:46.504,Nordic CS Reflector A,E2:13:07:97:B1:7E,9.73,2
1/18/2026 15:46:51.665,Nordic CS Reflector A,E2:13:07:97:B1:7E,9.58,2
1/18/2026 15:47:01.930,Nordic CS Reflector A,E2:13:07:97:B1:7E,9.58,2
1/18/2026 15:47:01.931,Nordic CS Reflector A,E2:13:07:97:B1:7E,9.58,2
1/18/2026 15:47:07.023,Nordic CS Reflector A,E2:13:07:97:B1:7E,9.88,2
1/18/2026 15:47:07.024,Nordic CS Reflector A,E2:13:07:97:B1:7E,9.88,2
1/18/2026 15:47:12.206,Nordic CS Reflector A,E2:13:07:97:B1:7E,9.88,2
1/18/2026 15:47:17.343,Nordic CS Reflector A,E2:13:07:97:B1:7E,9.99,2
1/18/2026 15:47:17.344,Nordic CS Reflector A,E2:13:07:97:B1:7E,9.99,2
1/18/2026 15:47:22.548,Nordic CS Reflector A,E2:13:07:97:B1:7E,9.77,2
1/18/2026 15:47:22.549,Nordic CS Reflector A,E2:13:07:97:B1:7E,9.77,2
1/18/2026 15:47:27.609,Nordic CS Reflector A,E2:13:07:97:B1:7E,9.99,2
1/18/2026 15:47:27.610,Nordic CS Reflector A,E2:13:07:97:B1:7E,9.99,2
1/18/2026 15:47:32.702,Nordic CS Reflector A,E2:13:07:97:B1:7E,10.02,2
1/18/2026 15:47:37.923,Nordic CS Reflector A,E2:13:07:97:B1:7E,10.21,2
1/18/2026 15:47:37.924,Nordic CS Reflector A,E2:13:07:97:B1:7E,10.21,2
1/18/2026 15:47:43.025,Nordic CS Reflector A,E2:13:07:97:B1:7E,10.21,2
1/18/2026 15:47:43.026,Nordic CS Reflector A,E2:13:07:97:B1:7E,10.21,2
1/18/2026 15:47:48.093,Nordic CS Reflector A,E2:13:07:97:B1:7E,10.1,2
1/18/2026 15:47:53.220,Nordic CS Reflector A,E2:13:07:97:B1:7E,10.1,2
1/18/2026 15:47:58.362,Nordic CS Reflector A,E2:13:07:97:B1:7E,9.8,2
1/18/2026 15:47:58.363,Nordic CS Reflector A,E2:13:07:97:B1:7E,9.8,2
1/18/2026 15:48:03.463,Nordic CS Reflector A,E2:13:07:97:B1:7E,9.8,2
1/18/2026 15:48:08.594,Nordic CS Reflector A,E2:13:07:97:B1:7E,9.95,2
1/18/2026 15:48:13.715,Nordic CS Reflector A,E2:13:07:97:B1:7E,9.95,2
1/18/2026 15:48:18.962,Nordic CS Reflector A,E2:13:07:97:B1:7E,9.95,2
1/18/2026 15:48:18.963,Nordic CS Reflector A,E2:13:07:97:B1:7E,9.95,2
1/18/2026 15:48:24.076,Nordic CS Reflector A,E2:13:07:97:B1:7E,9.88,2
1/18/2026 15:48:24.077,Nordic CS Reflector A,E2:13:07:97:B1:7E,9.88,2
1/18/2026 15:48:29.250,Nordic CS Reflector A,E2:13:07:97:B1:7E,9.84,2
1/18/2026 15:48:34.374,Nordic CS Reflector A,E2:13:07:97:B1:7E,9.69,2
1/18/2026 15:48:34.375,Nordic CS Reflector A,E2:13:07:97:B1:7E,9.69,2
1/18/2026 15:48:39.546,Nordic CS Reflector A,E2:13:07:97:B1:7E,9.69,2
1/18/2026 15:48:44.663,Nordic CS Reflector A,E2:13:07:97:B1:7E,9.69,2
1/18/2026 15:48:49.813,Nordic CS Reflector A,E2:13:07:97:B1:7E,9.69,2
1/18/2026 15:48:54.962,Nordic CS Reflector A,E2:13:07:97:B1:7E,9.69,2
1/18/2026 15:49:00.114,Nordic CS Reflector A,E2:13:07:97:B1:7E,9.84,2
1/18/2026 15:49:05.192,Nordic CS Reflector A,E2:13:07:97:B1:7E,9.88,2
1/18/2026 15:49:10.357,Nordic CS Reflector A,E2:13:07:97:B1:7E,9.84,2
1/18/2026 15:49:10.358,Nordic CS Reflector A,E2:13:07:97:B1:7E,9.84,2
1/18/2026 15:49:15.433,Nordic CS Reflector A,E2:13:07:97:B1:7E,9.84,2
1/18/2026 15:49:20.650,Nordic CS Reflector A,E2:13:07:97:B1:7E,9.84,2
1/18/2026 15:49:20.651,Nordic CS Reflector A,E2:13:07:97:B1:7E,9.84,2
1/18/2026 15:49:30.821,Nordic CS Reflector A,E2:13:07:97:B1:7E,9.8,2
1/18/2026 15:49:35.944,Nordic CS Reflector A,E2:13:07:97:B1:7E,9.8,2
1/18/2026 15:49:41.145,Nordic CS Reflector A,E2:13:07:97:B1:7E,9.66,2
1/18/2026 15:49:41.146,Nordic CS Reflector A,E2:13:07:97:B1:7E,9.66,2
1/18/2026 15:49:46.249,Nordic CS Reflector A,E2:13:07:97:B1:7E,10.1,2
1/18/2026 15:49:51.335,Nordic CS Reflector A,E2:13:07:97:B1:7E,10.1,2
1/18/2026 15:49:56.506,Nordic CS Reflector A,E2:13:07:97:B1:7E,10.53,0
1/18/2026 15:50:01.644,Nordic CS Reflector A,E2:13:07:97:B1:7E,10.53,0
1/18/2026 15:50:06.855,Nordic CS Reflector A,E2:13:07:97:B1:7E,10.94,2
1/18/2026 15:50:06.856,Nordic CS Reflector A,E2:13:07:97:B1:7E,10.94,2
1/18/2026 15:50:11.983,Nordic CS Reflector A,E2:13:07:97:B1:7E,9.99,2
1/18/2026 15:50:11.984,Nordic CS Reflector A,E2:13:07:97:B1:7E,9.99,2
1/18/2026 15:50:17.083,Nordic CS Reflector A,E2:13:07:97:B1:7E,9.91,2
1/18/2026 15:50:22.210,Nordic CS Reflector A,E2:13:07:97:B1:7E,9.91,2
1/18/2026 15:50:27.432,Nordic CS Reflector A,E2:13:07:97:B1:7E,9.95,2
1/18/2026 15:50:32.493,Nordic CS Reflector A,E2:13:07:97:B1:7E,9.95,2
1/18/2026 15:50:32.494,Nordic CS Reflector A,E2:13:07:97:B1:7E,9.95,2
1/18/2026 15:50:37.687,Nordic CS Reflector A,E2:13:07:97:B1:7E,9.95,2
1/18/2026 15:50:42.812,Nordic CS Reflector A,E2:13:07:97:B1:7E,9.88,2
1/18/2026 15:50:48.003,Nordic CS Reflector A,E2:13:07:97:B1:7E,10.42,2
1/18/2026 15:50:48.004,Nordic CS Reflector A,E2:13:07:97:B1:7E,10.42,2
1/18/2026 15:50:53.291,Nordic CS Reflector A,E2:13:07:97:B1:7E,10.02,2
1/18/2026 15:50:53.292,Nordic CS Reflector A,E2:13:07:97:B1:7E,10.02,2
1/18/2026 15:50:58.332,Nordic CS Reflector A,E2:13:07:97:B1:7E,10.02,2
1/18/2026 15:51:03.438,Nordic CS Reflector A,E2:13:07:97:B1:7E,9.99,2
1/18/2026 15:51:03.439,Nordic CS Reflector A,E2:13:07:97:B1:7E,9.99,2
1/18/2026 15:51:08.589,Nordic CS Reflector A,E2:13:07:97:B1:7E,9.99,2
1/18/2026 15:51:18.945,Nordic CS Reflector A,E2:13:07:97:B1:7E,9.99,2
1/18/2026 15:51:18.946,Nordic CS Reflector A,E2:13:07:97:B1:7E,9.99,2
1/18/2026 15:51:24.023,Nordic CS Reflector A,E2:13:07:97:B1:7E,10.06,2
1/18/2026 15:51:29.108,Nordic CS Reflector A,E2:13:07:97:B1:7E,10.17,2
1/18/2026 15:51:29.109,Nordic CS Reflector A,E2:13:07:97:B1:7E,10.17,2
1/18/2026 15:51:34.262,Nordic CS Reflector A,E2:13:07:97:B1:7E,10.39,2
1/18/2026 15:51:39.409,Nordic CS Reflector A,E2:13:07:97:B1:7E,10.17,2
1/18/2026 15:51:44.550,Nordic CS Reflector A,E2:13:07:97:B1:7E,9.77,2
1/18/2026 15:51:49.639,Nordic CS Reflector A,E2:13:07:97:B1:7E,9.77,2
1/18/2026 15:51:54.763,Nordic CS Reflector A,E2:13:07:97:B1:7E,9.91,2
1/18/2026 15:51:59.915,Nordic CS Reflector A,E2:13:07:97:B1:7E,10.68,2
1/18/2026 15:52:05.238,Nordic CS Reflector A,E2:13:07:97:B1:7E,10.68,2
1/18/2026 15:52:05.239,Nordic CS Reflector A,E2:13:07:97:B1:7E,10.68,2
1/18/2026 15:52:10.409,Nordic CS Reflector A,E2:13:07:97:B1:7E,9.95,2
1/18/2026 15:52:10.410,Nordic CS Reflector A,E2:13:07:97:B1:7E,9.95,2
1/18/2026 15:52:25.813,Nordic CS Reflector A,E2:13:07:97:B1:7E,9.95,2
1/18/2026 15:52:30.939,Nordic CS Reflector A,E2:13:07:97:B1:7E,9.95,2
1/18/2026 15:52:36.108,Nordic CS Reflector A,E2:13:07:97:B1:7E,9.91,2
1/18/2026 15:52:36.109,Nordic CS Reflector A,E2:13:07:97:B1:7E,9.91,2
1/18/2026 15:52:41.250,Nordic CS Reflector A,E2:13:07:97:B1:7E,9.91,0
1/18/2026 15:52:46.379,Nordic CS Reflector A,E2:13:07:97:B1:7E,10.1,2
1/18/2026 15:52:51.510,Nordic CS Reflector A,E2:13:07:97:B1:7E,10.24,2
1/18/2026 15:52:51.511,Nordic CS Reflector A,E2:13:07:97:B1:7E,10.24,2
1/18/2026 15:52:56.628,Nordic CS Reflector A,E2:13:07:97:B1:7E,10.24,2
1/18/2026 15:53:01.918,Nordic CS Reflector A,E2:13:07:97:B1:7E,9.99,2
1/18/2026 15:53:01.919,Nordic CS Reflector A,E2:13:07:97:B1:7E,9.99,2
1/18/2026 15:53:06.881,Nordic CS Reflector A,E2:13:07:97:B1:7E,9.73,2
1/18/2026 15:53:06.882,Nordic CS Reflector A,E2:13:07:97:B1:7E,9.73,2
1/18/2026 15:53:12.031,Nordic CS Reflector A,E2:13:07:97:B1:7E,9.73,2
1/18/2026 15:53:12.032,Nordic CS Reflector A,E2:13:07:97:B1:7E,9.73,2
1/18/2026 15:53:17.187,Nordic CS Reflector A,E2:13:07:97:B1:7E,10.02,2
1/18/2026 15:53:22.299,Nordic CS Reflector A,E2:13:07:97:B1:7E,10.06,2
1/18/2026 15:53:27.506,Nordic CS Reflector A,E2:13:07:97:B1:7E,10.02,2
1/18/2026 15:53:27.507,Nordic CS Reflector A,E2:13:07:97:B1:7E,10.02,2
1/18/2026 15:53:32.552,Nordic CS Reflector A,E2:13:07:97:B1:7E,9.88,2
1/18/2026 15:53:32.553,Nordic CS Reflector A,E2:13:07:97:B1:7E,9.88,2
1/18/2026 15:53:37.673,Nordic CS Reflector A,E2:13:07:97:B1:7E,9.88,2
1/18/2026 15:53:37.674,Nordic CS Reflector A,E2:13:07:97:B1:7E,9.88,2
1/18/2026 15:53:42.826,Nordic CS Reflector A,E2:13:07:97:B1:7E,10.32,2
1/18/2026 15:53:42.827,Nordic CS Reflector A,E2:13:07:97:B1:7E,10.32,2
1/18/2026 15:53:47.944,Nordic CS Reflector A,E2:13:07:97:B1:7E,10.32,2
1/18/2026 15:53:47.945,Nordic CS Reflector A,E2:13:07:97:B1:7E,10.32,2
1/18/2026 15:53:53.062,Nordic CS Reflector A,E2:13:07:97:B1:7E,10.28,2
1/18/2026 15:53:58.185,Nordic CS Reflector A,E2:13:07:97:B1:7E,10.24,2
1/18/2026 15:53:58.186,Nordic CS Reflector A,E2:13:07:97:B1:7E,10.24,2
1/18/2026 15:54:03.310,Nordic CS Reflector A,E2:13:07:97:B1:7E,10.13,2
1/18/2026 15:54:08.467,Nordic CS Reflector A,E2:13:07:97:B1:7E,10.13,2
1/18/2026 15:54:08.468,Nordic CS Reflector A,E2:13:07:97:B1:7E,10.13,2
1/18/2026 15:54:18.760,Nordic CS Reflector A,E2:13:07:97:B1:7E,10.21,2
1/18/2026 15:54:18.761,Nordic CS Reflector A,E2:13:07:97:B1:7E,10.21,2
1/18/2026 15:54:23.842,Nordic CS Reflector A,E2:13:07:97:B1:7E,10.21,2
1/18/2026 15:54:29.085,Nordic CS Reflector A,E2:13:07:97:B1:7E,10.02,2
1/18/2026 15:54:29.086,Nordic CS Reflector A,E2:13:07:97:B1:7E,10.02,2
1/18/2026 15:54:34.243,Nordic CS Reflector A,E2:13:07:97:B1:7E,10.02,2
1/18/2026 15:54:39.421,Nordic CS Reflector A,E2:13:07:97:B1:7E,10.21,0
1/18/2026 15:54:44.580,Nordic CS Reflector A,E2:13:07:97:B1:7E,10.21,2
1/18/2026 15:54:44.581,Nordic CS Reflector A,E2:13:07:97:B1:7E,10.21,2
1/18/2026 15:54:49.602,Nordic CS Reflector A,E2:13:07:97:B1:7E,10.17,2
1/18/2026 15:54:54.728,Nordic CS Reflector A,E2:13:07:97:B1:7E,10.17,0
1/18/2026 15:54:54.729,Nordic CS Reflector A,E2:13:07:97:B1:7E,10.17,0
1/18/2026 15:54:59.901,Nordic CS Reflector A,E2:13:07:97:B1:7E,10.13,0
1/18/2026 15:55:05.012,Nordic CS Reflector A,E2:13:07:97:B1:7E,10.1,2
1/18/2026 15:55:10.140,Nordic CS Reflector A,E2:13:07:97:B1:7E,9.95,2
1/18/2026 15:55:10.141,Nordic CS Reflector A,E2:13:07:97:B1:7E,9.95,2
1/18/2026 15:55:15.250,Nordic CS Reflector A,E2:13:07:97:B1:7E,9.91,2
1/18/2026 15:55:20.400,Nordic CS Reflector A,E2:13:07:97:B1:7E,9.95,0
1/18/2026 15:55:20.401,Nordic CS Reflector A,E2:13:07:97:B1:7E,9.95,0
1/18/2026 15:55:25.593,Nordic CS Reflector A,E2:13:07:97:B1:7E,9.99,2
1/18/2026 15:55:25.594,Nordic CS Reflector A,E2:13:07:97:B1:7E,9.99,2
1/18/2026 15:55:30.647,Nordic CS Reflector A,E2:13:07:97:B1:7E,9.99,2
1/18/2026 15:55:30.648,Nordic CS Reflector A,E2:13:07:97:B1:7E,9.99,2
1/18/2026 15:55:35.866,Nordic CS Reflector A,E2:13:07:97:B1:7E,9.73,2
1/18/2026 15:55:40.942,Nordic CS Reflector A,E2:13:07:97:B1:7E,9.73,2
1/18/2026 15:55:46.089,Nordic CS Reflector A,E2:13:07:97:B1:7E,9.73,2
1/18/2026 15:55:46.090,Nordic CS Reflector A,E2:13:07:97:B1:7E,9.73,2
1/18/2026 15:55:51.249,Nordic CS Reflector A,E2:13:07:97:B1:7E,10.39,2
1/18/2026 15:55:51.250,Nordic CS Reflector A,E2:13:07:97:B1:7E,10.39,2
1/18/2026 15:55:56.377,Nordic CS Reflector A,E2:13:07:97:B1:7E,10.39,0
1/18/2026 15:55:56.378,Nordic CS Reflector A,E2:13:07:97:B1:7E,10.39,0
1/18/2026 15:56:01.506,Nordic CS Reflector A,E2:13:07:97:B1:7E,10.06,2
1/18/2026 15:56:01.507,Nordic CS Reflector A,E2:13:07:97:B1:7E,10.06,2
1/18/2026 15:56:06.663,Nordic CS Reflector A,E2:13:07:97:B1:7E,9.62,0
1/18/2026 15:56:06.664,Nordic CS Reflector A,E2:13:07:97:B1:7E,9.62,0
1/18/2026 15:56:11.850,Nordic CS Reflector A,E2:13:07:97:B1:7E,9.77,2
1/18/2026 15:56:16.934,Nordic CS Reflector A,E2:13:07:97:B1:7E,9.73,2
1/18/2026 15:56:22.180,Nordic CS Reflector A,E2:13:07:97:B1:7E,9.77,2
1/18/2026 15:56:27.210,Nordic CS Reflector A,E2:13:07:97:B1:7E,9.73,2
1/18/2026 15:56:32.378,Nordic CS Reflector A,E2:13:07:97:B1:7E,9.66,2
1/18/2026 15:56:32.379,Nordic CS Reflector A,E2:13:07:97:B1:7E,9.66,2
1/18/2026 15:56:37.590,Nordic CS Reflector A,E2:13:07:97:B1:7E,9.66,2
1/18/2026 15:56:42.632,Nordic CS Reflector A,E2:13:07:97:B1:7E,9.55,2
1/18/2026 15:56:47.762,Nordic CS Reflector A,E2:13:07:97:B1:7E,9.69,2
1/18/2026 15:56:52.947,Nordic CS Reflector A,E2:13:07:97:B1:7E,9.84,2
1/18/2026 15:56:52.948,Nordic CS Reflector A,E2:13:07:97:B1:7E,9.84,2
1/18/2026 15:56:58.123,Nordic CS Reflector A,E2:13:07:97:B1:7E,10.24,2
1/18/2026 15:56:58.124,Nordic CS Reflector A,E2:13:07:97:B1:7E,10.24,2
1/18/2026 15:57:03.313,Nordic CS Reflector A,E2:13:07:97:B1:7E,10.24,2
1/18/2026 15:57:03.314,Nordic CS Reflector A,E2:13:07:97:B1:7E,10.24,2
1/18/2026 15:57:08.530,Nordic CS Reflector A,E2:13:07:97:B1:7E,10.06,2
1/18/2026 15:57:13.573,Nordic CS Reflector A,E2:13:07:97:B1:7E,9.88,2
1/18/2026 15:57:18.816,Nordic CS Reflector A,E2:13:07:97:B1:7E,10.06,2
1/18/2026 15:57:23.860,Nordic CS Reflector A,E2:13:07:97:B1:7E,10.17,2
1/18/2026 15:57:29.110,Nordic CS Reflector A,E2:13:07:97:B1:7E,10.17,2
1/18/2026 15:57:34.215,Nordic CS Reflector A,E2:13:07:97:B1:7E,10.02,2
1/18/2026 15:57:34.216,Nordic CS Reflector A,E2:13:07:97:B1:7E,10.02,2
1/18/2026 15:57:39.617,Nordic CS Reflector A,E2:13:07:97:B1:7E,9.95,2
1/18/2026 15:57:39.618,Nordic CS Reflector A,E2:13:07:97:B1:7E,9.95,2
1/18/2026 15:57:44.677,Nordic CS Reflector A,E2:13:07:97:B1:7E,9.95,2
1/18/2026 15:57:49.884,Nordic CS Reflector A,E2:13:07:97:B1:7E,9.84,2
1/18/2026 15:57:54.918,Nordic CS Reflector A,E2:13:07:97:B1:7E,10.13,2
1/18/2026 15:58:00.244,Nordic CS Reflector A,E2:13:07:97:B1:7E,10.02,2
1/18/2026 15:58:05.271,Nordic CS Reflector A,E2:13:07:97:B1:7E,10.06,2
1/18/2026 15:58:10.385,Nordic CS Reflector A,E2:13:07:97:B1:7E,10.02,2
1/18/2026 15:58:10.386,Nordic CS Reflector A,E2:13:07:97:B1:7E,10.02,2
1/18/2026 15:58:15.525,Nordic CS Reflector A,E2:13:07:97:B1:7E,10.02,2
1/18/2026 15:58:20.709,Nordic CS Reflector A,E2:13:07:97:B1:7E,9.84,0
1/18/2026 15:58:25.718,Nordic CS Reflector A,E2:13:07:97:B1:7E,9.84,2
1/18/2026 15:58:30.849,Nordic CS Reflector A,E2:13:07:97:B1:7E,9.73,2
1/18/2026 15:58:36.066,Nordic CS Reflector A,E2:13:07:97:B1:7E,9.66,2
1/18/2026 15:58:41.069,Nordic CS Reflector A,E2:13:07:97:B1:7E,9.58,2
1/18/2026 15:58:46.269,Nordic CS Reflector A,E2:13:07:97:B1:7E,9.66,2
1/18/2026 15:58:51.371,Nordic CS Reflector A,E2:13:07:97:B1:7E,10.61,2
1/18/2026 15:58:56.567,Nordic CS Reflector A,E2:13:07:97:B1:7E,10.61,2
1/18/2026 15:58:56.568,Nordic CS Reflector A,E2:13:07:97:B1:7E,10.61,2
1/18/2026 15:59:01.633,Nordic CS Reflector A,E2:13:07:97:B1:7E,9.73,2
1/18/2026 15:59:06.726,Nordic CS Reflector A,E2:13:07:97:B1:7E,9.73,2
1/18/2026 15:59:11.928,Nordic CS Reflector A,E2:13:07:97:B1:7E,10.53,2
1/18/2026 15:59:11.929,Nordic CS Reflector A,E2:13:07:97:B1:7E,10.53,2
1/18/2026 15:59:17.058,Nordic CS Reflector A,E2:13:07:97:B1:7E,10.53,0
1/18/2026 15:59:22.091,Nordic CS Reflector A,E2:13:07:97:B1:7E,10.53,2
1/18/2026 15:59:27.265,Nordic CS Reflector A,E2:13:07:97:B1:7E,10.35,2
1/18/2026 15:59:37.611,Nordic CS Reflector A,E2:13:07:97:B1:7E,10.35,2
1/18/2026 15:59:42.716,Nordic CS Reflector A,E2:13:07:97:B1:7E,9.66,2
1/18/2026 15:59:42.717,Nordic CS Reflector A,E2:13:07:97:B1:7E,9.66,2
1/18/2026 15:59:47.866,Nordic CS Reflector A,E2:13:07:97:B1:7E,9.66,2
1/18/2026 15:59:53.022,Nordic CS Reflector A,E2:13:07:97:B1:7E,9.69,2
1/18/2026 15:59:53.023,Nordic CS Reflector A,E2:13:07:97:B1:7E,9.69,2
1/18/2026 15:59:58.182,Nordic CS Reflector A,E2:13:07:97:B1:7E,9.69,2
1/18/2026 16:00:03.308,Nordic CS Reflector A,E2:13:07:97:B1:7E,9.91,2
1/18/2026 16:00:08.408,Nordic CS Reflector A,E2:13:07:97:B1:7E,9.91,2
1/18/2026 16:00:08.409,Nordic CS Reflector A,E2:13:07:97:B1:7E,9.91,2
1/18/2026 16:00:13.578,Nordic CS Reflector A,E2:13:07:97:B1:7E,9.84,2
1/18/2026 16:00:18.694,Nordic CS Reflector A,E2:13:07:97:B1:7E,9.73,2
1/18/2026 16:00:18.695,Nordic CS Reflector A,E2:13:07:97:B1:7E,9.73,2
1/18/2026 16:00:23.826,Nordic CS Reflector A,E2:13:07:97:B1:7E,9.73,2
1/18/2026 16:00:23.827,Nordic CS Reflector A,E2:13:07:97:B1:7E,9.73,2
1/18/2026 16:00:28.998,Nordic CS Reflector A,E2:13:07:97:B1:7E,9.99,2
1/18/2026 16:00:28.999,Nordic CS Reflector A,E2:13:07:97:B1:7E,9.99,2
1/18/2026 16:00:34.181,Nordic CS Reflector A,E2:13:07:97:B1:7E,9.99,0
1/18/2026 16:00:39.237,Nordic CS Reflector A,E2:13:07:97:B1:7E,9.69,2
1/18/2026 16:00:44.349,Nordic CS Reflector A,E2:13:07:97:B1:7E,9.58,2
1/18/2026 16:00:49.540,Nordic CS Reflector A,E2:13:07:97:B1:7E,9.58,2
1/18/2026 16:00:54.646,Nordic CS Reflector A,E2:13:07:97:B1:7E,9.66,2
1/18/2026 16:00:54.647,Nordic CS Reflector A,E2:13:07:97:B1:7E,9.66,2
1/18/2026 16:00:59.766,Nordic CS Reflector A,E2:13:07:97:B1:7E,9.73,0
1/18/2026 16:00:59.767,Nordic CS Reflector A,E2:13:07:97:B1:7E,9.73,0
1/18/2026 16:01:04.869,Nordic CS Reflector A,E2:13:07:97:B1:7E,9.66,2
1/18/2026 16:01:04.870,Nordic CS Reflector A,E2:13:07:97:B1:7E,9.66,2
1/18/2026 16:01:10.025,Nordic CS Reflector A,E2:13:07:97:B1:7E,9.77,2
1/18/2026 16:01:10.026,Nordic CS Reflector A,E2:13:07:97:B1:7E,9.77,2
1/18/2026 16:01:15.166,Nordic CS Reflector A,E2:13:07:97:B1:7E,9.66,2
1/18/2026 16:01:20.242,Nordic CS Reflector A,E2:13:07:97:B1:7E,9.73,2
1/18/2026 16:01:20.243,Nordic CS Reflector A,E2:13:07:97:B1:7E,9.73,2
1/18/2026 16:01:25.417,Nordic CS Reflector A,E2:13:07:97:B1:7E,9.73,2
1/18/2026 16:01:30.550,Nordic CS Reflector A,E2:13:07:97:B1:7E,9.73,2
1/18/2026 16:01:30.551,Nordic CS Reflector A,E2:13:07:97:B1:7E,9.73,2
1/18/2026 16:01:35.744,Nordic CS Reflector A,E2:13:07:97:B1:7E,9.73,2
1/18/2026 16:01:35.745,Nordic CS Reflector A,E2:13:07:97:B1:7E,9.73,2
1/18/2026 16:01:40.838,Nordic CS Reflector A,E2:13:07:97:B1:7E,9.73,2
1/18/2026 16:01:40.839,Nordic CS Reflector A,E2:13:07:97:B1:7E,9.73,2
1/18/2026 16:01:45.942,Nordic CS Reflector A,E2:13:07:97:B1:7E,9.73,2
1/18/2026 16:01:45.943,Nordic CS Reflector A,E2:13:07:97:B1:7E,9.73,2
1/18/2026 16:01:51.094,Nordic CS Reflector A,E2:13:07:97:B1:7E,9.77,2
1/18/2026 16:01:56.164,Nordic CS Reflector A,E2:13:07:97:B1:7E,9.99,2
1/18/2026 16:01:56.165,Nordic CS Reflector A,E2:13:07:97:B1:7E,9.99,2
